rank,username,vorkath_kc
1,Binge Jesus,180515
2,Dierseus,87187
3,Sir Yaxay,83945
4,subtlety11,83732
5,LB4,82791
6,Exp edition,81828
7,molkash2,81750
8,Clicks0nMobs,80953
9,Klovnen Bo,80299
10,Unvirgin,79608
11,vaxonu,79289
12,Slay to 1b,78962
13,natedalegend,76524
14,Im Foreign,75313
15,DeadMANzor,72965
16,E um elissir,71416
17,Rollingb0nes,69766
18,Weed5,69176
19,Spen x,68521
20,King Shujin,68335
21,DounJewan,67659
22,Hyula,67047
23,lowlifing,65866
24,Ludioz,64319
25,LilKond00,63933
26,keept secret,63110
27,Lerimin,62229
28,hoydoye,61946
29,Nickybee,61779
30,Jack_Bushe92,61495
31,Dr Booq,60405
32,Mr Manju,59898
33,enfiorcest,58917
34,Velopzz,58267
35,lxlAdamlxl,58011
36,KingJpwn,57664
37,Andryzius,57471
38,Die or Live,56885
39,EzGameEzLife,56081
40,cheo78907,55815
41,Neika5,55781
42,Period,55640
43,fa nt as y,55622
44,Good Ol Bill,54626
45,Zeuces,54547
46,Jackoz,54458
47,Last Czar,53813
48,Disfunctie,53581
49,dz1k1s,53267
50,ledushvente,53139
51,Reckless_187,53109
52,albacora,52851
53,Mili696969,52495
54,gumeHAHA,52118
55,BIG DOG 456,51990
56,DinoOSRS,51842
57,Jaxasltu,51787
58,video peli,51702
59,Flimsy Lies,51055
60,GS-4,51028
61,Verdureiro 3,50467
62,SuperJoy,50328
63,Worsfestin,50310
64,Neferthitti,50226
65,padq,50000
66,Bigos,49827
67,Xxaragon,49771
68,Hyvarh,49761
69,Kenshin Batt,49495
70,Kuubaa,49450
71,Kitty Pryde,49432
72,Leech TOA,49203
73,I Karl,48929
74,Saytra,48891
75,JrgenLeth,48744
76,Red Broom,48600
77,Joby Prime,48583
78,Jasp3r,48450
79,Jaxooooo,47737
80,RAGNAR-0KING,47689
81,Ewrelis,47626
82,Lord Harlow,47403
83,Offspringkid,47250
84,Pau lius,47202
85,l-Optiplex-l,47196
86,Temperatura,47092
87,itsDB,47080
88,kyraEndLight,47008
89,Vorky Boy,46997
90,L l V E D,46934
91,Luci14,46787
92,Khuf,46133
93,vegetaa0,46048
94,Hiker Trash,45967
95,TheBlxde,45780
96,Am I b0t,45474
97,thebestplayw,45381
98,Marvedzani,45319
99,DivinoGOAT,45313
100,Wi3sh1n,45288
101,iiye,45107
102,ZoggyShit,45093
103,For1,45030
104,Nex Trucker,44823
105,Alexitto s2,44787
106,T0NTSA,44659
107,RubiesCurse,44515
108,yande5dra,44349
109,4stifen,44057
110,BABY-QUEEN I,43948
111,Cake mmm,43914
112,aMiso,43780
113,Magic_MikeXL,43585
114,SER NGA,43529
115,RMAC-97,43373
116,loo0v,43349
117,AnoNiChoya,43267
118,TaoismyFiend,43206
119,Cransta,43206
120,Sp00ners,43026
121,looozzzaaa,42909
122,16Os,42905
123,Magija,42265
124,MeNoLikeIt,42138
125,TricksOnIt,42081
126,Weed 2020,42079
127,Mo Ass,41868
128,Khandi,41760
129,AK47u GUN,41623
130,VorkathRxR,41462
131,CCS429,41405
132,Venom4172,41361
133,ayo Bob,41241
134,Cajun Fries,41061
135,DRAKARY,40808
136,4_20oclock,40807
137,Esham,40807
138,Man Du Alaus,40610
139,Kaulukibirs,40460
140,binboyo luck,40438
141,yomeispj,40308
142,Im jak3,40170
143,L3gendas,40066
144,0s0s hits,40056
145,OFS I,40000
146,PRAY FOR MEE,39967
147,Fesha,39952
148,hotmixx,39922
149,yourGFwithMe,39808
150,ItsABadIdea,39641
151,EgyptianGarb,39531
152,gatzboy,39495
153,Aria mo,39457
154,Your Boy R,39415
155,Sarah Hagan,39392
156,Jegstener12,39307
157,huccikucci,39233
158,Ju5telis,39172
159,paradise700,39129
160,SMILE 786,39061
161,Moeberg,39006
162,G0ld3n Ninja,38893
163,Joseph Gotti,38779
164,ismichxlle,38758
165,Don Omar-2,38735
166,EL DURO 88,38687
167,La Golosa 07,38175
168,AfkRuneDrags,38000
169,Ma CoX Hard,37961
170,eth45687,37930
171,Racer1996,37928
172,Sutsako,37834
173,Elvenstyle,37731
174,RebuildMan,37417
175,J-J-M-Y-N,37400
176,LilRuneaxe,37049
177,Plebbocs,37018
178,RookieBear,37001
179,arm8 ina,36982
180,lightirv,36929
181,Crown heavy,36866
182,Sevenyn,36849
183,Onyx Vault,36547
184,Bnodo n Hond,36542
185,Zuk Suck,36512
186,0keN,36498
187,Cann0bliss,36476
188,Jelly System,36437
189,Runspigrek,36265
190,MargaritaBro,36162
191,Rune g,36100
192,Darkside81,36091
193,Saiduck,36085
194,Steinstt,36027
195,MervickRouge,35988
196,Dock King,35935
197,No Deseo,35823
198,XLLBandit,35802
199,Coach Jordan,35756
200,F l T Z Y,35721
201,Mind3zzas,35700
202,Cardiddy,35690
203,snoodog,35684
204,G hss,35641
205,alpha patins,35582
206,Bongm1x,35550
207,AinsWkr,35474
208,1919,35474
209,phenix 15,35425
210,Elonisz,35340
211,ja 09,35320
212,Tzuk-Muh-Kok,35296
213,Markella,35262
214,zrkie,35255
215,Fraggijol,35225
216,G0uldie,35187
217,5 Gabu 28,35168
218,Rashford 14,35096
219,Jessica Bish,35067
220,d0ug Quade,35066
221,UIMaqtpai,35000
222,HA RD,34939
223,1g on friday,34921
224,FunustChisa,34889
225,J0PAS,34819
226,Blvck_420,34795
227,Kentish Hops,34787
228,Scroomiana,34785
229,Cdn Oak,34717
230,Juan pyob,34699
231,Josh R,34638
232,Envy S,34604
233,Allwaves,34536
234,forzad str,34425
235,Nikki Slave,34344
236,CaseyNeistat,34330
237,Atte Perrys,34277
238,4 PROMETEO,34155
239,RepulsivePig,34084
240,E x H c,34076
241,Sara V S Zam,34037
242,serbng haha,34013
243,Montymort,33996
244,MrVondetta,33974
245,DarCap0x,33914
246,suriken1,33858
247,Hattoryss,33816
248,LordMorgomir,33752
249,Salomabits,33668
250,Carista,33659
